"","sitename","lon","lat","elv","year_start","year_end","koeppen_code","igbp_land_use","whc","product"
"1","AR-SLu",-66.4598007202148,-33.4648017883301,500,2010,2010,"Bsk","MF",172.034240722656,"plumber"
"2","AR-TF1",-66.7335,-54.9733,40,2016,2018,"ET","WET",159.902340698242,"ameriflux"
"3","AT-Neu",11.3175001144409,47.1166687011719,970,2002,2012,"Dfc","GRA",239.95133972168,"plumber"
"4","AU-ASM",133.248992919922,-22.2830009460449,606,2011,2017,"BSh","ENF",149.109436035156,"plumber"
"5","AU-Cow",145.427154541016,-16.2381896972656,86,2010,2015,"Am","EBF",822.795186360677,"plumber"
"6","AU-Cpr",140.589126586914,-34.0020599365234,76,2011,2017,"BSk","SAV",141.817596435547,"plumber"
"7","AU-Ctr",145.446853637695,-16.1032791137695,66,2010,2017,"Am","EBF",943.682800292969,"plumber"
"8","AU-Cum",150.722473144531,-33.6132965087891,200,2013,2018,"Cfa","EBF",179.551086425781,"plumber"
"9","AU-DaP",131.318099975586,-14.0633001327515,116,2009,2012,"Aw","GRA",597.201416015625,"plumber"
"10","AU-DaS",131.388000488281,-14.1592826843262,108,2010,2017,"Aw","SAV",732.692199707031,"plumber"
"11","AU-Dry",132.37060546875,-15.2587995529175,191,2011,2015,"Aw","SAV",672.025512695312,"plumber"
"12","AU-Emr",148.474594116211,-23.858699798584,177,2012,2013,"Bsh","GRA",130.615829467773,"plumber"
"13","AU-GWW",120.654098510742,-30.1912994384766,504,2013,2017,"BWh ","SAV",144.887786865234,"plumber"
"14","AU-Gin",115.650001525879,-31.375,51,2012,2017,"Csa","WSA",439.733489990234,"plumber"
"15","AU-How",131.149993896484,-12.4952001571655,41,2003,2017,"Aw","WSA",558.274841308594,"plumber"
"16","AU-Lit",130.794494628906,-13.1790399551392,200,2016,2017,"Aw","WSA",543.70849609375,"plumber"
"17","AU-Otw",142.816802978516,-38.532341003418,54,2009,2010,"Cfb","GRA",359.493499755859,"plumber"
"18","AU-Rig",145.575897216797,-36.6498985290527,133,2011,2016,"Cfb","GRA",196.721298217773,"plumber"
"19","AU-Rob",145.630096435547,-17.1175003051758,710,2014,2017,"Cwa","EBF",851.119262695312,"plumber"
"20","AU-Sam",152.877807617188,-27.3880996704102,170,2011,2017,"Cfa","GRA",511.216522216797,"plumber"
"21","AU-Stp",133.350204467773,-17.1506996154785,252,2010,2017,"BSh","GRA",324.397583007812,"plumber"
"22","AU-TTE",133.639999389648,-22.2870006561279,553,2013,2017,"BWh","OSH",174.943023681641,"plumber"
"23","AU-Tum",148.151702880859,-35.6566009521484,1200,2002,2017,"Cfb","EBF",504.646728515625,"plumber"
"24","AU-Whr",145.029403686523,-36.6731986999512,152,2015,2016,"Cfb","EBF",196.984329223633,"plumber"
"25","AU-Wrr",146.654495239258,-43.0950202941895,100,2016,2017,"Cfb","EBF",259.188812255859,"plumber"
"26","AU-Ync",146.29069519043,-34.9892997741699,125,2011,2017,"BSk","GRA",238.270629882812,"plumber"
"27","BE-Bra",4.51984,51.30761,16,1996,2020,"Cfb","MF",262.910797119141,"icos_warmwinter2020"
"28","BE-Dor",4.968113,50.311874,253,2011,2020,"Cfb","CRO",195.831176757812,"icos_warmwinter2020"
"29","BE-Lcr",3.85,51.1,5,2019,2020,"Cfb","CRO",192.591171264648,"icos_warmwinter2020"
"30","BE-Lon",4.746234,50.55162,170,2004,2020,"Cfb","CRO",183.688446044922,"icos_warmwinter2020"
"31","BE-Maa",5.631851,50.97987,87,2016,2020,"Cfb","WSA",248.586242675781,"icos_warmwinter2020"
"32","BE-Vie",5.998099,50.304962,490,1996,2020,"Cfb","MF",224.261947631836,"icos_warmwinter2020"
"33","BR-CST",-38.3842,-7.9682,468,2014,2015,"Bsh","DNF",732.203369140625,"ameriflux"
"34","BR-Npw",-56.412,-16.498,120,2013,2017,"Aw","WSA",545.245788574219,"ameriflux"
"35","BR-Sa3",-54.971435546875,-3.01802921295166,100,2001,2003,"Am","EBF",661.403259277344,"plumber"
"36","BW-Ma1",23.5603294372559,-19.9165000915527,929,2000,2000,"BSh","SAV",359.003936767578,"plumber"
"37","CA-ARB",-83.9452,52.695,90,2011,2015,"Dfb","WET",851.853332519531,"ameriflux"
"38","CA-ARF",-83.955,52.7008,88,2011,2015,"Dfb","WET",851.853332519531,"ameriflux"
"39","CA-Ca1",-125.3336,49.8673,300,1996,2010,"Cfb","ENF",293.202362060547,"ameriflux"
"40","CA-Ca2",-125.2909,49.8705,300,1999,2010,"Cfb","ENF",301.478820800781,"ameriflux"
"41","CA-Cbo",-79.9333,44.3167,120,1994,2020,"Dfb","DBF",247.066482543945,"ameriflux"
"42","CA-DB2",-122.9951,49.119,4,2019,2020,"Csb ","WET",221.934494018555,"ameriflux"
"43","CA-DBB",-122.9849,49.1293,4,2014,2020,"Csb","WET",221.934494018555,"ameriflux"
"44","CA-ER1",-80.4123,43.6405,370,2015,2021,"Dfb","CRO",165.933227539062,"ameriflux"
"45","CA-Gro",-82.1556,48.2167,340,2003,2014,"Dfb","MF",237.408264160156,"ameriflux"
"46","CA-LP1",-122.8414,55.1119,751,2007,2022,"Csa","ENF",262.488128662109,"ameriflux"
"47","CA-MA1",-97.8762,50.1645,261,2009,2011,"Dfb","CRO",182.96940612793,"ameriflux"
"48","CA-MA2",-97.8762,50.171,261,2009,2011,"Dfb","CRO",182.96940612793,"ameriflux"
"49","CA-MA3",-97.8686,50.1774,261,2009,2011,"Dfb","GRA",182.96940612793,"ameriflux"
"50","CA-NS1",-98.4839,55.8792,260,2001,2005,"Dfc","ENF",741.468994140625,"ameriflux"
"51","CA-NS2",-98.5247,55.9058,260,2001,2005,"Dfc","ENF",758.646728515625,"ameriflux"
"52","CA-NS3",-98.3822,55.9117,260,2001,2005,"Dfc","ENF",750.125244140625,"ameriflux"
"53","CA-NS4",-98.3806,55.9144,260,2001,2005,"Dfc","ENF",750.125244140625,"ameriflux"
"54","CA-NS5",-98.485,55.8631,260,2001,2005,"Dfc","ENF",741.468994140625,"ameriflux"
"55","CA-NS6",-98.9644,55.9167,244,2001,2005,"Dfc","OSH",729.707214355469,"ameriflux"
"56","CA-NS7",-99.9483,56.6358,297,2001,2005,"Dfc","OSH",807.232299804688,"ameriflux"
"57","CA-Qcu",-74.0365295410156,49.2670783996582,392,2002,2006,"Dfc","ENF",197.249526977539,"plumber"
"58","CA-Qfo",-74.3421,49.6925,382,2003,2010,"Dfc","ENF",211.283905029297,"ameriflux"
"59","CA-SF1",-105.8176,54.485,536,2003,2006,"Dfc","ENF",887.161499023438,"ameriflux"
"60","CA-SF2",-105.8775,54.2539,520,2001,2006,"Dfc","ENF",162.575103759766,"ameriflux"
"61","CA-SF3",-106.005302429199,54.0915985107422,540,2003,2005,"Dfc","OSH",178.118133544922,"plumber"
"62","CA-TP1",-80.5595,42.6609,265,2002,2017,"Dfb","ENF",197.843719482422,"ameriflux"
"63","CA-TP3",-80.3483,42.7068,184,2002,2017,"Dfb","ENF",197.843719482422,"ameriflux"
"64","CA-TPD",-80.5577,42.6353,260,2012,2017,"Dfb","DBF",214.297927856445,"ameriflux"
"65","CH-Aws",9.790417,46.583306,2014,2006,2020,"ET","ENF",218.636077880859,"icos_warmwinter2020"
"66","CH-Cha",8.41044044494629,47.2102203369141,393,2005,2020,"Cfb","GRA",240.235687255859,"icos_warmwinter2020"
"67","CH-Dav",9.85591,46.81533,1689,1997,2020,"ET","ENF",223.231826782227,"icos_warmwinter2020"
"68","CH-Fru",8.53777980804443,47.1158332824707,982,2005,2020,"Cfb","GRA",213.803695678711,"icos_warmwinter2020"
"69","CH-Lae",8.365,47.47808333,645,2004,2020,"Cfb","MF",216.666030883789,"icos_warmwinter2020"
"70","CH-Oe1",7.73193979263306,47.285831451416,450,2002,2008,"Cfb","GRA",222.755966186523,"plumber"
"71","CH-Oe2",7.734333333,47.28630556,450,2004,2020,"Cfb","CRO",222.755966186523,"icos_warmwinter2020"
"72","CN-Cha",128.095794677734,42.4025001525879,754,2003,2005,"Dwb","MF",247.137954711914,"plumber"
"73","CN-Cng",123.509201049805,44.5933990478516,138,2008,2009,"Dwa","GRA",154.807708740234,"plumber"
"74","CN-Dan",91.0663986206055,30.4978008270264,4751,2004,2005,"ET","GRA",173.403762817383,"plumber"
"75","CN-Din",112.536102294922,23.1732997894287,261,2003,2005,"Cfa","EBF",242.554229736328,"plumber"
"76","CN-Du2",116.283599853516,42.0466995239258,1331,2007,2008,"Dwb","GRA",166.840408325195,"plumber"
"77","CN-HaM",101.180000305176,37.3699989318848,3975,2002,2003,"ET","GRA",189.575653076172,"plumber"
"78","CN-Qia",115.058097839355,26.7413997650146,64,2003,2005,"Cfa","ENF",228.145263671875,"plumber"
"79","CZ-BK1",18.536882,49.502075,875,2004,2020,"Dfb","ENF",259.215301513672,"icos_warmwinter2020"
"80","CZ-KrP",15.078773,49.573257,531,2014,2020,"Cfb","CRO",215.424697875977,"icos_warmwinter2020"
"81","CZ-Lnz",16.946331,48.68155,150,2015,2020,"Dfb","MF",218.029800415039,"icos_warmwinter2020"
"82","CZ-RAJ",16.6965125,49.4437236,628,2012,2020,"Dfb","ENF",240.929977416992,"icos_warmwinter2020"
"83","CZ-Stn",17.9699,49.035975,576,2010,2020,"Dfb","DBF",234.661331176758,"icos_warmwinter2020"
"84","CZ-wet",14.7703504562378,49.0246505737305,426,2006,2020,"Cfb","WET",188.041534423828,"icos_warmwinter2020"
"85","DE-Akm",13.68341667,53.86616667,-2,2009,2020,"Cfb","WET",900.431762695312,"icos_warmwinter2020"
"86","DE-Bay",11.8669395446777,50.1419410705566,781,1997,1999,"Cfb","ENF",241.641830444336,"plumber"
"87","DE-Geb",10.91463,51.09973,161.5,2001,2020,"Cfb","CRO",186.364288330078,"icos_warmwinter2020"
"88","DE-Gri",13.51259,50.95004,385,2004,2020,"Cfb","GRA",232.633666992188,"icos_warmwinter2020"
"89","DE-Hai",10.452089,51.079407,438.7,2000,2020,"Cfb","DBF",190.607116699219,"icos_warmwinter2020"
"90","DE-HoH",11.22235,52.08656,193,2015,2020,"Cfb","MF",219.055358886719,"icos_warmwinter2020"
"91","DE-Hte",12.176111,54.210278,4,2009,2018,"Cfb","WET",208.727188110352,"icos_drought2018"
"92","DE-Hzd",13.48978,50.96381,395,2010,2020,"Dfb","DBF",226.395889282227,"icos_warmwinter2020"
"93","DE-Kli",13.52238,50.89306,478,2004,2020,"Cfb","CRO",192.323883056641,"icos_warmwinter2020"
"94","DE-Meh",10.6554698944092,51.2753105163574,291,2004,2006,"Cfb","MF",190.888778686523,"plumber"
"95","DE-Obe",13.7212896347046,50.7866592407227,734,2008,2020,"Cfb","ENF",232.633666992188,"icos_warmwinter2020"
"96","DE-RuR",6.304126,50.621914,514.7,2011,2020,"Cfb","GRA",246.341278076172,"icos_warmwinter2020"
"97","DE-RuS",6.4471445,50.865906,103.2,2011,2020,"Cfb","CRO",216.484176635742,"icos_warmwinter2020"
"98","DE-RuW",6.3309627,50.50493,610,2012,2020,"Cfb","ENF",237.657348632812,"icos_warmwinter2020"
"99","DE-Seh",6.44964981079102,50.8706245422363,103,2008,2010,"Cfb","CRO",216.484176635742,"plumber"
"100","DE-SfN",11.3275003433228,47.8063888549805,590,2013,2014,"Cfb","WET",1114.90185546875,"plumber"
"101","DE-Tha",13.56515,50.96256,380,1996,2020,"Cfb","ENF",240.724716186523,"icos_warmwinter2020"
"102","DE-Wet",11.4575300216675,50.453498840332,703,2002,2006,"Cfb","ENF",235.99951171875,"plumber"
"103","DK-Fou",9.58722019195557,56.4841995239258,51,2005,2005,"Cfb","CRO",202.928497314453,"plumber"
"104","DK-Gds",9.3341,56.0737,89,2020,2020,"Dfb","ENF",236.989669799805,"icos_warmwinter2020"
"105","DK-Lva",12.0832996368408,55.6833000183105,-2493,2005,2006,"Cfb","GRA",207.003189086914,"plumber"
"106","DK-Ris",12.0972204208374,55.5302810668945,24,2004,2005,"Cfb","CRO",172.057342529297,"plumber"
"107","DK-Sor",11.644645,55.48587,40,1996,2020,"Cfb","DBF",166.7314453125,"icos_warmwinter2020"
"108","DK-ZaH",-20.5503005981445,74.4731979370117,38,2000,2013,"ET","GRA",171.79948425293,"plumber"
"109","ES-Abr",-6.785881,38.701839,279,2015,2020,"Csa ","SAV",393.981964111328,"icos_warmwinter2020"
"110","ES-Agu",-2.033208,36.940046,195,2006,2020,"BSk","CSH",166.910888671875,"icos_warmwinter2020"
"111","ES-Cnd",-3.227659,37.914998,371,2014,2020,"Bsk","WSA",488.821319580078,"icos_warmwinter2020"
"112","ES-ES1",-0.318809986114502,39.3459701538086,1,1999,2006,"Csa","ENF",676.388513183594,"plumber"
"113","ES-ES2",-0.315279990434647,39.2755584716797,7,2005,2006,"Csa","CRO",673.443466186523,"plumber"
"114","ES-LJu",-2.752115,36.926594,1622,2004,2020,"Csa","CSH",406.294097900391,"icos_warmwinter2020"
"115","ES-LM1",-5.778683,39.94269,261,2014,2020,"Csa","SAV",341.993316650391,"icos_warmwinter2020"
"116","ES-LM2",-5.778683,39.94269,261,2014,2020,"Csa","WSA",341.993316650391,"icos_warmwinter2020"
"117","ES-LMa",-5.77335977554321,39.9426918029785,278,2004,2006,"Csa","SAV",341.993316650391,"plumber"
"118","ES-LgS",-2.96583008766174,37.0979347229004,2267,2007,2007,"Csa","OSH",594.522521972656,"plumber"
"119","ES-VDA",1.4485000371933,42.1521797180176,1787,2004,2004,"Cfb","GRA",193.555419921875,"plumber"
"120","FI-Hyy",24.29477,61.84741,181,1996,2020,"Dfc","ENF",243.52848815918,"icos_warmwinter2020"
"121","FI-Kaa",27.2950305938721,69.1406936645508,159,2000,2002,"Dfc","WET",209.424545288086,"plumber"
"122","FI-Ken",24.24301,67.98721,347,2018,2020,"Dfc","WSA",212.567947387695,"icos_warmwinter2020"
"123","FI-Let",23.95952,60.64183,125,2009,2020,"Dfb","ENF",232.940811157227,"icos_warmwinter2020"
"124","FI-Lom",24.2091808319092,67.997200012207,274,2007,2009,"Dfc","WET",212.567947387695,"plumber"
"125","FI-Qvd",22.391607,60.295242,11,2018,2020,"Dfb","CRO",184.403213500977,"icos_warmwinter2020"
"126","FI-Sii",24.19285,61.83265,160,2016,2020,"Dfc","ENF",1099.77429199219,"icos_warmwinter2020"
"127","FI-Sod",26.6378307342529,67.3618621826172,180,2008,2014,"Dfc","ENF",218.664611816406,"plumber"
"128","FI-Var",29.61,67.7549,395,2016,2020,"Dfc","ENF",222.598846435547,"icos_warmwinter2020"
"129","FR-Aur",1.106103,43.54965,250,2005,2020,"Cfb","CRO",225.2197265625,"icos_warmwinter2020"
"130","FR-Bil",-0.95594,44.49389,39,2014,2020,"Cfb","WSA",230.185287475586,"icos_warmwinter2020"
"131","FR-EM2",3.02065,49.87211,85,2017,2018,"Cfb","CRO",157.403411865234,"icos_drought2018"
"132","FR-FBn",5.67865,43.24079,436,2008,2020,"Csa","ENF",314.620666503906,"icos_warmwinter2020"
"133","FR-Fon",2.780096,48.476357,103,2005,2020,"Cfb","DBF",242.460464477539,"icos_warmwinter2020"
"134","FR-Gri",1.95191,48.84422,125,2004,2020,"Cfb","CRO",252.680572509766,"icos_warmwinter2020"
"135","FR-Hes",7.06555986404419,48.6741600036621,293,1997,2006,"Cfb","DBF",124.461685180664,"plumber"
"136","FR-LBr",-0.769299983978271,44.7171096801758,61,2003,2008,"Cfb","ENF",212.567947387695,"plumber"
"137","FR-LGt",2.284102,47.322918,153,2017,2020,"Cfb","WET",278.127014160156,"icos_warmwinter2020"
"138","FR-Lam",1.2379,43.4965,182,2005,2020,"Cfb","CRO",188.090209960938,"icos_warmwinter2020"
"139","FR-Lq1",2.73583006858826,45.6430587768555,1066,2004,2006,"Cfb","GRA",259.642211914062,"plumber"
"140","FR-Lq2",2.73703002929688,45.6391906738281,1081,2004,2006,"Cfb","GRA",259.642211914062,"plumber"
"141","FR-Pue",3.59582996368408,43.7413902282715,270,2000,2014,"Csa","EBF",260.350677490234,"plumber"
"142","FR-Tou",1.37474,43.572857,158,2018,2020,"Cfa","GRA",171.273651123047,"icos_warmwinter2020"
"143","GF-Guy",-52.9248,5.2787,40,2004,2020,"Af","EBF",530.613891601562,"icos_warmwinter2020"
"144","GL-Dsk",-53.51413,69.25349,8,2020,2020,"ET","SNO",151.001403808594,"icos_warmwinter2020"
"145","HU-Bug",19.6012992858887,46.6911010742188,106,2003,2006,"Cfb","GRA",191.982482910156,"plumber"
"146","ID-Pag",113.900001525879,-2.3199999332428,30,2002,2003,"Af","EBF",269.351409912109,"plumber"
"147","IE-Ca1",-6.9181399345398,52.8587913513184,72,2004,2006,"Cfb","CRO",172.057342529297,"plumber"
"148","IE-Cra",-7.641774,53.32309,59,2020,2020,"Cfb","WET",176.388885498047,"icos_warmwinter2020"
"149","IE-Dri",-8.75181007385254,51.9866905212402,186,2003,2005,"Cfb","GRA",208.480270385742,"plumber"
"150","IL-Yat",35.05149841,31.34499931,664,2000,2020,"BSh","OSH",233.794357299805,"icos_warmwinter2020"
"151","IT-Amp",13.6051597595215,41.9040985107422,991,2003,2006,"Cfa","GRA",337.048126220703,"plumber"
"152","IT-BCi",14.957444,40.52375,10,2004,2020,"Csa","CRO",408.555694580078,"icos_warmwinter2020"
"153","IT-BFt",10.741966,45.197754,23,2019,2020,"Cfa","MF",383.901672363281,"icos_warmwinter2020"
"154","IT-CA1",12.0265598297119,42.3804092407227,200,2012,2013,"Csa","DBF",364.293029785156,"plumber"
"155","IT-CA2",12.0260400772095,42.3772201538086,200,2012,2013,"Csa","CRO",364.293029785156,"plumber"
"156","IT-CA3",12.0221996307373,42.3800010681152,197,2012,2013,"Csa","DBF",364.293029785156,"plumber"
"157","IT-Col",13.5881395339966,41.8493614196777,1560,2007,2014,"Cfa","DBF",395.856964111328,"plumber"
"158","IT-Cp2",12.357293,41.704266,19,2012,2020,"Csa","ENF",499.829956054688,"icos_warmwinter2020"
"159","IT-Cpz",12.3761100769043,41.705249786377,68,2001,2008,"Csa","EBF",499.829956054688,"plumber"
"160","IT-Isp",8.63358020782471,45.8126411437988,210,2013,2014,"Cfb","DBF",227.127044677734,"plumber"
"161","IT-LMa",7.58259010314941,45.1525802612305,350,2003,2004,"Cfb","DBF",228.693969726562,"plumber"
"162","IT-Lav",11.2813196182251,45.9561996459961,1353,2003,2020,"Cfb","ENF",239.140274047852,"icos_warmwinter2020"
"163","IT-Lsn",12.750297,45.740482,1,2016,2020,"Cfa","OSH",156.672317504883,"icos_warmwinter2020"
"164","IT-MBo",11.045831,46.01468,1550,2003,2020,"Dfb","GRA",227.963928222656,"icos_warmwinter2020"
"165","IT-Mal",11.7033395767212,46.1140213012695,1610,2003,2003,"ET","GRA",235.110305786133,"plumber"
"166","IT-Noe",8.15168952941895,40.6061782836914,25,2004,2014,"-","CSH",130.395217895508,"plumber"
"167","IT-Non",11.0910902023315,44.6901893615723,14,2002,2002,"Cfa","DBF",318.033569335938,"plumber"
"168","IT-PT1",9.06103992462158,45.200870513916,60,2003,2004,"Cfa","DBF",273.288879394531,"plumber"
"169","IT-Ren",11.43369,46.58686,1735.6,1999,2020,"Dfc","ENF",263.041900634766,"icos_warmwinter2020"
"170","IT-Ro1",11.9300098419189,42.4081192016602,235,2002,2006,"Csa","DBF",640.024536132812,"plumber"
"171","IT-Ro2",11.9209299087524,42.3902587890625,160,2002,2008,"Csa","DBF",350.008453369141,"plumber"
"172","IT-SR2",10.29091,43.73202,4,2013,2020,"Csa","ENF",187.773574829102,"icos_warmwinter2020"
"173","IT-SRo",10.2844400405884,43.7278594970703,6,2003,2012,"Csa","ENF",187.773574829102,"plumber"
"174","IT-Tor",7.578055,45.84444,2168,2008,2020,"Dfc","ENF",218.556884765625,"icos_warmwinter2020"
"175","JP-SMF",137.078796386719,35.2616996765137,199,2003,2006,"Cfa","MF",195.405075073242,"plumber"
"176","MX-Tes",-109.2977,27.8446,460,2004,2008,"Bsh","DBF",501.383666992188,"ameriflux"
"177","NL-Ca1",4.92700004577637,51.9710006713867,1,2003,2006,"Cfb","GRA",163.467987060547,"plumber"
"178","NL-Hor",5.07130002975464,52.240348815918,2.20000004768372,2008,2011,"Cfb","GRA",909.811157226562,"plumber"
"179","NL-Loo",5.74355,52.166447,33,1996,2018,"Cfb","ENF",220.644149780273,"icos_drought2018"
"180","PE-QFR",-73.319,-3.8344,104,2018,2019,"Af","WET",265.297912597656,"ameriflux"
"181","PL-wet",16.3094005584717,52.7621994018555,55,2004,2005,"Cfb","WET",234.30143737793,"plumber"
"182","PT-Esp",-8.60179996490479,38.6394004821777,90,2002,2004,"Csa","EBF",398.871734619141,"plumber"
"183","PT-Mi1",-8.00006008148193,38.540641784668,230,2005,2005,"Csa","EBF",723.009338378906,"plumber"
"184","PT-Mi2",-8.02455043792725,38.4765014648438,193,2005,2006,"Csa","GRA",505.874603271484,"plumber"
"185","RU-Che",161.341430664062,68.613037109375,6,2003,2004,"Dfc","WET",178.891799926758,"plumber"
"186","RU-Fy2",32.901878,56.447603,271,2015,2020,"Dfb","ENF",270.417022705078,"icos_warmwinter2020"
"187","RU-Fyo",32.9220809936523,56.4615287780762,265,1998,2020,"Dfb","ENF",284.562591552734,"icos_warmwinter2020"
"188","RU-Zot",89.3507995605469,60.8008003234863,124,2003,2003,"Dfc","WSA",980.288330078125,"plumber"
"189","SD-Dem",30.4783000946045,13.2828998565674,500,2005,2009,"BWh","SAV",128.509048461914,"plumber"
"190","SE-Deg",19.55654,64.18203,270,2001,2020,"Dfc","GRA",266.712677001953,"icos_warmwinter2020"
"191","SE-Htm",13.41897,56.09763,115,2015,2020,"Cfb","MF",276.324615478516,"icos_warmwinter2020"
"192","SE-Lnn",13.10176754,58.34062958,72,2014,2018,"Dfb","CRO",165.44059753418,"icos_drought2018"
"193","SE-Nor",17.479504,60.0865,45,2014,2020,"Dfb","ENF",263.872680664062,"icos_warmwinter2020"
"194","SE-Ros",19.738,64.1725,166,2014,2020,"Dfc","ENF",266.712677001953,"icos_warmwinter2020"
"195","SE-Svb",19.7745,64.25611,267,2014,2020,"Dfc","ENF",274.981079101562,"icos_warmwinter2020"
"196","UK-Gri",-3.79805994033813,56.6072196960449,343,2000,2001,"Cfb","ENF",243.52848815918,"plumber"
"197","UK-Ham",-0.858299970626831,51.1535301208496,76,2004,2004,"Cfb","DBF",156.734588623047,"plumber"
"198","UK-PL3",-1.2666699886322,51.4500007629395,104,2005,2006,"Cfb","MF",154.482055664062,"plumber"
"199","US-A32",-97.8198,36.8193,335,2015,2017,"Cfa","GRA",175.788436889648,"ameriflux"
"200","US-A74",-97.5489,36.8085,337,2015,2017,"Cfa","CRO",170.835662841797,"ameriflux"
"201","US-ALQ",-89.6067,46.0308,515,2015,2023,"Dfb","WET",245.267944335938,"ameriflux"
"202","US-AR1",-99.42,36.4267,611,2009,2012,"Dsa","GRA",150.43244934082,"ameriflux"
"203","US-AR2",-99.5975,36.6358,646,2009,2012,"Dsa","GRA",150.43244934082,"ameriflux"
"204","US-ARM",-97.4888,36.6058,314,2003,2023,"Cfa","CRO",177.596145629883,"ameriflux"
"205","US-ARb",-98.0402,35.5497,424,2005,2006,"Cfa","GRA",177.596145629883,"ameriflux"
"206","US-ARc",-98.04,35.5465,424,2005,2006,"Cfa","GRA",177.596145629883,"ameriflux"
"207","US-Aud",-110.509201049805,31.5907001495361,1466,2003,2005,"BSk","GRA",116.939163208008,"plumber"
"208","US-BRG",-86.5406,39.2167,180,2016,2020,"Cfa","GRA",217.985656738281,"ameriflux"
"209","US-BZB",-148.3208,64.6955,100,2011,2022,"Dfd","WET",206.725540161133,"ameriflux"
"210","US-BZF",-148.3121,64.7013,95,2011,2022,"Dfd","WET",225.337982177734,"ameriflux"
"211","US-BZS",-148.3235,64.6963,100,2010,2021,"Dfd","ENF",206.725540161133,"ameriflux"
"212","US-BZo",-148.33,64.6936,100,2018,2022,"Dfd","WET",206.725540161133,"ameriflux"
"213","US-Bar",-71.2881,44.0646,272,2004,2022,"Dfb","DBF",267.354553222656,"ameriflux"
"214","US-Bi1",-121.4993,38.0992,-2.7,2016,2023,"Csa","CRO",581.485290527344,"ameriflux"
"215","US-Bi2",-121.5351,38.1091,-5,2017,2023,"Csa","CRO",731.258422851562,"ameriflux"
"216","US-Bkg",-96.8361663818359,44.3452911376953,495,2005,2006,"Dfa","GRA",151.661010742188,"plumber"
"217","US-Blo",-120.632751464844,38.8953018188477,1315,2000,2006,"Csb","ENF",703.892761230469,"plumber"
"218","US-Bo1",-88.290397644043,40.0061988830566,217,1997,2006,"Dfa","CRO",192.442199707031,"plumber"
"219","US-CF1",-117.0821,46.7815,794,2017,2021,"Dsb","CRO",237.98112487793,"ameriflux"
"220","US-CF2",-117.0908,46.784,807,2017,2021,"Dsb","CRO",237.98112487793,"ameriflux"
"221","US-CF3",-117.1261,46.7551,795,2017,2021,"Dsb","CRO",238.911346435547,"ameriflux"
"222","US-CF4",-117.1285,46.7518,795,2017,2021,"Dsb","CRO",238.911346435547,"ameriflux"
"223","US-CRT",-83.3471,41.6285,180,2011,2013,"Dfa","CRO",178.554306030273,"ameriflux"
"224","US-CS1",-89.5379,44.1031,328,2018,2019,"Dfa","CRO",167.400192260742,"ameriflux"
"225","US-CS2",-89.5002,44.1467,328,2018,2022,"Dfa","ENF",167.400192260742,"ameriflux"
"226","US-CS3",-89.5727,44.1394,328,2019,2020,"Dfa","CRO",140.62663269043,"ameriflux"
"227","US-CS4",-89.5475,44.1597,328,2020,2021,"Dfa","CRO",148.465057373047,"ameriflux"
"228","US-Cop",-109.39,38.09,1520,2001,2007,"BSk","GRA",112.420684814453,"ameriflux"
"229","US-DFC",-89.7117,43.3448,264.9,2018,2022,"Dfb","CRO",184.630920410156,"ameriflux"
"230","US-EDN",-122.114,37.6156,-2,2018,2019,"Csa","WET",140.861511230469,"ameriflux"
"231","US-EML",-149.2536,63.8784,662,2008,2020,"ET","OSH",179.978424072266,"ameriflux"
"232","US-FPe",-105.101898193359,48.3077011108398,638,2000,2006,"BSk","GRA",142.299606323242,"plumber"
"233","US-Fcr",-148.9348,65.3968,265,2011,2014,"Dwc","OSH",215.511932373047,"ameriflux"
"234","US-Fmf",-111.7273,35.1426,2160,2005,2010,"Csb","ENF",331.156768798828,"ameriflux"
"235","US-Fuf",-111.762,35.089,2180,2005,2010,"Csb","ENF",332.495819091797,"ameriflux"
"236","US-GLE",-106.2399,41.3665,3197,1999,2020,"Dfc","ENF",215.292922973633,"ameriflux"
"237","US-Goo",-89.8734970092773,34.2546997070312,87,2004,2006,"Cfa","GRA",218.48974609375,"plumber"
"238","US-HB1",-79.1957,33.3455,0.1,2019,2022,"Cfa","WET",234.471496582031,"ameriflux"
"239","US-HWB",-77.8488,40.8608,378,2015,2018,"Dfb","CVM",214.004852294922,"ameriflux"
"240","US-Ha1",-72.1715,42.5378,340,1991,2023,"Dfb","DBF",264.878295898438,"ameriflux"
"241","US-Hn2",-119.4641,46.6889,117.5,2015,2018,"Bsk","GRA",148.465057373047,"ameriflux"
"242","US-Hn3",-119.4614,46.6878,120.9,2017,2018,"Bsk","OSH",148.465057373047,"ameriflux"
"243","US-Ho1",-68.7401962280273,45.2041015625,60,1996,2004,"Dfb","ENF",227.162643432617,"plumber"
"244","US-Ho2",-68.747,45.2091,61,1999,2020,"Dfb","ENF",227.162643432617,"ameriflux"
"245","US-ICh",-149.2958,68.6068,940,2007,2021,"ET","OSH",163.272003173828,"ameriflux"
"246","US-ICs",-149.311,68.6058,920,2007,2022,"ET","WET",163.272003173828,"ameriflux"
"247","US-ICt",-149.3041,68.6063,930,2007,2022,"ET","OSH",163.272003173828,"ameriflux"
"248","US-Jo1",-106.635,32.582,1188,2010,2020,"Bwk","OSH",129.524459838867,"ameriflux"
"249","US-Jo2",-106.6032,32.5849,1469,2010,2020,"Bwk","OSH",129.524459838867,"ameriflux"
"250","US-KFS",-95.1907,39.0561,310,2007,2019,"Cfa","GRA",201.595748901367,"ameriflux"
"251","US-KLS",-97.5684,38.7745,373,2012,2019,"Cfa","GRA",180.576309204102,"ameriflux"
"252","US-KS2",-80.6715316772461,28.6085777282715,3,2003,2006,"Cfa","CSH",216.801666259766,"plumber"
"253","US-KS3",-80.7427,28.7084,0,2018,2019,"Cfa","WET",194.887847900391,"ameriflux"
"254","US-Los",-89.9792022705078,46.0826988220215,480,2000,2008,"Dfb","WET",240.2236328125,"plumber"
"255","US-MMS",-86.4131,39.3232,275,1999,2023,"Cfa","DBF",301.726043701172,"ameriflux"
"256","US-MOz",-92.2,38.7441,219.4,2004,2021,"Cfa","DBF",282.503112792969,"ameriflux"
"257","US-Me1",-121.5,44.5794,896,2004,2005,"Csb","ENF",163.216339111328,"ameriflux"
"258","US-Me2",-121.5589,44.4526,1253,2002,2023,"Csb","ENF",267.232757568359,"ameriflux"
"259","US-Me3",-121.6078,44.3154,1005,2004,2009,"Csb","ENF",252.303359985352,"ameriflux"
"260","US-Me4",-121.622398376465,44.4991989135742,922,1996,2000,"Csb","ENF",265.850036621094,"plumber"
"261","US-Me6",-121.607803344727,44.323299407959,998,2011,2014,"Csb","ENF",252.303359985352,"plumber"
"262","US-Mpj",-106.2377,34.4385,2196,2008,2023,"Bsk","WSA",116.939163208008,"ameriflux"
"263","US-Myb",-121.765,38.0499,-4,2010,2021,"Csa","WET",1060.36047363281,"ameriflux"
"264","US-NC1",-76.7119,35.8118,5,2005,2012,"Cfa","ENF",201.272247314453,"ameriflux"
"265","US-NC4",-75.9038,35.7879,1,2009,2021,"Cfa","WET",980.216064453125,"ameriflux"
"266","US-NGB",-156.6092,71.28,5.273,2012,2023,"ET","SNO",206.68132019043,"ameriflux"
"267","US-NGC",-163.7002,64.8618,35,2017,2023,"ET","GRA",192.314071655273,"ameriflux"
"268","US-NR1",-105.5464,40.0329,3050,1998,2022,"Dfc","ENF",214.306030273438,"ameriflux"
"269","US-Ne1",-96.4766,41.1651,361,2001,2023,"Dfa","CRO",180.269332885742,"ameriflux"
"270","US-Ne2",-96.470100402832,41.1649017333984,362,2002,2012,"Dfa","CRO",180.269332885742,"plumber"
"271","US-Ne3",-96.439697265625,41.1796989440918,363,2002,2012,"Dfa","CRO",176.108581542969,"plumber"
"272","US-ONA",-81.9509,27.3836,25,2016,2021,"Cfa","GRA",180.330902099609,"ameriflux"
"273","US-ORv",-83.0183,40.0201,221,2011,2016,"Cfa","WET",201.184295654297,"ameriflux"
"274","US-OWC",-82.5125,41.3795,174,2015,2023,"Dfb","WET",201.184295654297,"ameriflux"
"275","US-PFa",-90.2723007202148,45.9458999633789,470,1995,2014,"Dfb","MF",247.066482543945,"plumber"
"276","US-Prr",-147.487594604492,65.1237030029297,210,2011,2013,"Dfc","ENF",174.209442138672,"plumber"
"277","US-Rms",-116.7486,43.0645,2111,2014,2022,"Bsh","CSH",252.386627197266,"ameriflux"
"278","US-Ro1",-93.0898,44.7143,290,2004,2016,"Dfa","CRO",167.122604370117,"ameriflux"
"279","US-Ro4",-93.0723,44.6781,274,2014,2023,"Dfa","GRA",184.521179199219,"ameriflux"
"280","US-Ro5",-93.0576,44.691,283,2017,2023,"Dfa","CRO",184.521179199219,"ameriflux"
"281","US-Ro6",-93.0578,44.6946,282,2017,2023,"Dfa","CRO",184.521179199219,"ameriflux"
"282","US-Rwe",-116.7591,43.0653,2098,2003,2007,"Bsh","CSH",234.315704345703,"ameriflux"
"283","US-Rwf",-116.7231,43.1207,1878,2014,2022,"Bsh","CSH",175.788436889648,"ameriflux"
"284","US-Rws",-116.7132,43.1675,1425,2014,2022,"Bsk","OSH",168.282043457031,"ameriflux"
"285","US-SP1",-82.2187728881836,29.7380695343018,47,2005,2005,"Cfa","ENF",207.418167114258,"plumber"
"286","US-SP2",-82.2448196411133,29.764799118042,46,2000,2004,"Cfa","ENF",201.331787109375,"plumber"
"287","US-SP3",-82.1632766723633,29.7547702789307,36,1999,2004,"Cfa","EBF",203.796981811523,"plumber"
"288","US-SRC",-110.8395,31.9083,950,2008,2014,"Bwh","OSH",103.879951477051,"ameriflux"
"289","US-SRG",-110.827697753906,31.789400100708,1291,2009,2014,"BSk","GRA",180.192169189453,"plumber"
"290","US-SRM",-110.865997314453,31.8213996887207,1120,2004,2014,"BSk","WSA",129.524459838867,"plumber"
"291","US-Seg",-106.702,34.3623,1596,2007,2023,"Bsk","GRA",116.939163208008,"ameriflux"
"292","US-Ses",-106.7442,34.3349,1604,2007,2023,"Bsk","OSH",116.939163208008,"ameriflux"
"293","US-Sne",-121.7547,38.0369,-5,2016,2020,"Csa","GRA",1060.36047363281,"ameriflux"
"294","US-Snf",-121.7272,38.0402,-4,2018,2020,"Csa","GRA",809.803039550781,"ameriflux"
"295","US-Syv",-89.3477020263672,46.242000579834,540,2002,2008,"Dfb","MF",250.609375,"plumber"
"296","US-Ton",-120.966003417969,38.4315986633301,177,2001,2014,"Csa","WSA",365.864898681641,"plumber"
"297","US-Tw1",-121.6469,38.1074,-5,2011,2022,"Csa","WET",752.917236328125,"ameriflux"
"298","US-Tw2",-121.6365,38.0969,-5,2012,2013,"Csa","CRO",622.181030273438,"ameriflux"
"299","US-Tw3",-121.6469,38.1152,-4,2013,2018,"Csa","CRO",752.917236328125,"ameriflux"
"300","US-Tw4",-121.641326904297,38.1027450561523,-5,2014,2014,"Csa","WET",752.917236328125,"plumber"
"301","US-Tw5",-121.6426,38.1072,-5,2018,2020,"Csa","WET",752.917236328125,"ameriflux"
"302","US-Twt",-121.653099060059,38.108699798584,-7,2010,2014,"Csa","CRO",778.415466308594,"plumber"
"303","US-UM3",-84.6707,45.5686,234,2013,2014,"Dfb","WAT",269.741729736328,"ameriflux"
"304","US-UMB",-84.7137985229492,45.5597991943359,234,2000,2014,"Dfb","DBF",272.099609375,"plumber"
"305","US-UMd",-84.6975,45.5625,239,2007,2023,"Dfb","DBF",269.741729736328,"ameriflux"
"306","US-Var",-120.9508,38.4133,129,2000,2023,"Csa","GRA",365.864898681641,"ameriflux"
"307","US-WCr",-90.0799026489258,45.8059005737305,520,1999,2006,"Dfb","DBF",256.220855712891,"plumber"
"308","US-Whs",-110.0522,31.7438,1370,2007,2023,"Bsk","OSH",129.524459838867,"ameriflux"
"309","US-Wjs",-105.8615,34.4255,1931,2007,2023,"Bsk","SAV",130.786651611328,"ameriflux"
"310","US-Wkg",-109.9419,31.7365,1531,2004,2023,"Bsk","GRA",129.524459838867,"ameriflux"
"311","US-xAE",-99.0588,35.4106,516,2017,2022,"Cfa","GRA",162.328155517578,"ameriflux"
"312","US-xBR",-71.2873,44.0639,232,2017,2022,"Dfb","DBF",267.354553222656,"ameriflux"
"313","US-xCL",-97.57,33.4012,259,2017,2022,"Cfa","GRA",262.470397949219,"ameriflux"
"314","US-xCP",-104.7456,40.8155,1654,2016,2022,"Bsk","GRA",154.607040405273,"ameriflux"
"315","US-xDC",-99.1066,47.1617,559,2017,2022,"Dfb","GRA",180.299179077148,"ameriflux"
"316","US-xDL",-87.8039,32.5417,22,2017,2022,"Cfa","MF",331.877777099609,"ameriflux"
"317","US-xDS",-81.4362,28.125,15,2017,2022,"Cfa","CVM",208.394256591797,"ameriflux"
"318","US-xGR",-83.5019,35.689,579,2017,2022,"Cfa","DBF",250.920944213867,"ameriflux"
"319","US-xHA",-72.1727,42.5369,351,2017,2022,"Dfb","DBF",264.878295898438,"ameriflux"
"320","US-xHE",-149.2133,63.8757,705,2017,2022,"ET","OSH",185.077026367188,"ameriflux"
"321","US-xJE",-84.4686,31.1948,44,2017,2022,"Cfa","ENF",219.170211791992,"ameriflux"
"322","US-xKA",-96.6129,39.1104,1329,2017,2022,"Cfa","GRA",199.306671142578,"ameriflux"
"323","US-xKZ",-96.5631,39.1008,381,2017,2022,"Cfa","GRA",188.923324584961,"ameriflux"
"324","US-xMB",-109.3883,38.2483,1767,2017,2022,"Bsk","OSH",111.300071716309,"ameriflux"
"325","US-xML",-80.5248,37.3783,1126,2017,2022,"Dfb","DBF",252.332855224609,"ameriflux"
"326","US-xNG",-100.9154,46.7697,578,2017,2022,"Dfb","GRA",122.671180725098,"ameriflux"
"327","US-xNQ",-112.4524,40.1776,1685,2017,2022,"Dfb","OSH",130.786651611328,"ameriflux"
"328","US-xRM",-105.5459,40.2759,2743,2017,2022,"Dfc","ENF",209.922348022461,"ameriflux"
"329","US-xSB",-81.9934,29.6893,45,2017,2022,"Cfa","ENF",188.646911621094,"ameriflux"
"330","US-xSE",-76.56,38.8901,15,2017,2022,"Cfa","DBF",226.093826293945,"ameriflux"
"331","US-xSR",-110.8355,31.9107,983,2017,2022,"Bsk","OSH",103.879951477051,"ameriflux"
"332","US-xST",-89.5864,45.5089,481,2017,2022,"Dfb","DBF",247.066482543945,"ameriflux"
"333","US-xTA",-87.3933,32.9505,135,2017,2022,"Cfa","ENF",416.771209716797,"ameriflux"
"334","US-xTR",-89.5857,45.4937,472,2017,2022,"Dfb","DBF",248.403411865234,"ameriflux"
"335","US-xUK",-95.1921,39.0404,335,2017,2022,"Cfa","DBF",203.551452636719,"ameriflux"
"336","US-xUN",-89.5373,46.2339,518,2017,2022,"Dfb","MF",238.821792602539,"ameriflux"
"337","US-xYE",-110.5391,44.9535,2116,2018,2022,"Dfc","ENF",183.610275268555,"ameriflux"
"338","ZA-Kru",31.4969005584717,-25.0196990966797,359,2000,2002,"BSh","SAV",254.303863525391,"plumber"
"339","ZM-Mon",23.2527809143066,-15.4377784729004,1053,2008,2008,"Aw","DBF",422.299346923828,"plumber"
